seed,subject,samples,accuracy,macro_f1,class_count
2026,1,347,0.962536023054755,0.956675031272054,6
2026,6,325,0.8215384615384616,0.7740078365481451,6
2026,14,323,0.8606811145510835,0.861317217747494,6
2026,21,408,0.9338235294117647,0.9480104453055137,6
2026,23,372,0.9838709677419355,0.9847862428101565,6
2027,1,347,0.9884726224783862,0.9865677752582515,6
2027,6,325,0.9015384615384615,0.8945261727519792,6
2027,14,323,0.6934984520123839,0.6520321519182622,6
2027,21,408,0.8946078431372549,0.9106712454684684,6
2027,23,372,0.9623655913978495,0.9650944265925664,6
2028,1,347,0.9884726224783862,0.9867856058381079,6
2028,6,325,0.8769230769230769,0.8586215269314169,6
2028,14,323,0.7708978328173375,0.7469471503179866,6
2028,21,408,0.9215686274509803,0.9362527700663543,6
2028,23,372,0.9758064516129032,0.9774169877523368,6
