experiment,seed,delta_f1_pp
E03,2026,-3.7301055847196785
E03,2027,-2.5504924958470676
E03,2028,-6.061112959908954
E07,2026,-2.7433089700324764
E07,2027,1.4969551709991147
E07,2028,0.8799151273935713
E08,2026,-1.9878929706414583
E08,2027,-0.9615367117019269
E08,2028,-7.738689872917082
E09,2026,-3.8968992911533773
E09,2027,0.32913389168633955
E09,2028,0.11622836672318115
E10,2026,-2.396031055074621
E10,2027,1.76806957376765
E10,2028,-0.12495438705020234
E11,2026,-3.4302807461521256
E11,2027,-3.55922748318257
E11,2028,-1.2770075991542118
E08W,2026,-1.701480956477075
E08W,2027,-5.330511871064491
E08W,2028,-2.153009761228153
