experiment,seed,accuracy,macro_f1,parameters,best_epoch,epochs_ran,best_val_loss,code_sha256,git_commit
E02,2026,0.916056338028169,0.9138316445580504,80582,2,8,0.2847193479537964,303acf0c446fe52e96030fabefa99eb69a89ab320b798603263c72882892e85d,47bc6f305ba00a9a23a610eeb4a54fec03cfc3e7
E02,2027,0.8918309859154929,0.8906319255978042,80582,4,10,0.43485552072525024,303acf0c446fe52e96030fabefa99eb69a89ab320b798603263c72882892e85d,47bc6f305ba00a9a23a610eeb4a54fec03cfc3e7
E02,2028,0.9104225352112676,0.9093597651260872,80582,2,8,0.30678361654281616,303acf0c446fe52e96030fabefa99eb69a89ab320b798603263c72882892e85d,aaa5d3fb0e5cc5b237278a286d2148e7d0f481fe
E03,2026,0.8783098591549295,0.8765305887108537,156230,4,10,0.39916524291038513,303acf0c446fe52e96030fabefa99eb69a89ab320b798603263c72882892e85d,47bc6f305ba00a9a23a610eeb4a54fec03cfc3e7
E03,2027,0.8664788732394366,0.8651270006393336,156230,2,8,0.4147132337093353,303acf0c446fe52e96030fabefa99eb69a89ab320b798603263c72882892e85d,47bc6f305ba00a9a23a610eeb4a54fec03cfc3e7
E03,2028,0.8523943661971831,0.8487486355269976,156230,1,7,0.38675928115844727,303acf0c446fe52e96030fabefa99eb69a89ab320b798603263c72882892e85d,aaa5d3fb0e5cc5b237278a286d2148e7d0f481fe
E07,2026,0.8873239436619719,0.8863985548577257,80582,2,8,0.2650938928127289,303acf0c446fe52e96030fabefa99eb69a89ab320b798603263c72882892e85d,47bc6f305ba00a9a23a610eeb4a54fec03cfc3e7
E07,2027,0.9064788732394367,0.9056014773077954,80582,8,14,0.3314228951931,303acf0c446fe52e96030fabefa99eb69a89ab320b798603263c72882892e85d,47bc6f305ba00a9a23a610eeb4a54fec03cfc3e7
E07,2028,0.9194366197183098,0.9181589164000229,80582,9,15,0.28205710649490356,303acf0c446fe52e96030fabefa99eb69a89ab320b798603263c72882892e85d,aaa5d3fb0e5cc5b237278a286d2148e7d0f481fe
E08,2026,0.8952112676056339,0.8939527148516359,80582,2,8,0.34765779972076416,303acf0c446fe52e96030fabefa99eb69a89ab320b798603263c72882892e85d,47bc6f305ba00a9a23a610eeb4a54fec03cfc3e7
E08,2027,0.8833802816901408,0.881016558480785,80582,4,10,0.4633711278438568,303acf0c446fe52e96030fabefa99eb69a89ab320b798603263c72882892e85d,47bc6f305ba00a9a23a610eeb4a54fec03cfc3e7
E08,2028,0.8371830985915493,0.8319728663969164,80582,1,7,0.4095083773136139,303acf0c446fe52e96030fabefa99eb69a89ab320b798603263c72882892e85d,aaa5d3fb0e5cc5b237278a286d2148e7d0f481fe
E09,2026,0.8771830985915493,0.8748626516465167,80582,2,8,0.32106679677963257,303acf0c446fe52e96030fabefa99eb69a89ab320b798603263c72882892e85d,47bc6f305ba00a9a23a610eeb4a54fec03cfc3e7
E09,2027,0.895774647887324,0.8939232645146676,80582,4,10,0.3334105610847473,303acf0c446fe52e96030fabefa99eb69a89ab320b798603263c72882892e85d,aaa5d3fb0e5cc5b237278a286d2148e7d0f481fe
E09,2028,0.9115492957746479,0.910522048793319,80582,9,15,0.3127613067626953,303acf0c446fe52e96030fabefa99eb69a89ab320b798603263c72882892e85d,aaa5d3fb0e5cc5b237278a286d2148e7d0f481fe
E10,2026,0.8912676056338028,0.8898713340073042,80582,1,7,0.362277626991272,303acf0c446fe52e96030fabefa99eb69a89ab320b798603263c72882892e85d,47bc6f305ba00a9a23a610eeb4a54fec03cfc3e7
E10,2027,0.9098591549295775,0.9083126213354807,80582,4,10,0.42676815390586853,303acf0c446fe52e96030fabefa99eb69a89ab320b798603263c72882892e85d,aaa5d3fb0e5cc5b237278a286d2148e7d0f481fe
E10,2028,0.9087323943661972,0.9081102212555852,80582,2,8,0.36924460530281067,303acf0c446fe52e96030fabefa99eb69a89ab320b798603263c72882892e85d,aaa5d3fb0e5cc5b237278a286d2148e7d0f481fe
E11,2026,0.8811267605633802,0.8795288370965292,21574,1,7,0.2974420189857483,303acf0c446fe52e96030fabefa99eb69a89ab320b798603263c72882892e85d,47bc6f305ba00a9a23a610eeb4a54fec03cfc3e7
E11,2027,0.8591549295774648,0.8550396507659785,21574,1,7,0.3656804859638214,303acf0c446fe52e96030fabefa99eb69a89ab320b798603263c72882892e85d,aaa5d3fb0e5cc5b237278a286d2148e7d0f481fe
E11,2028,0.8974647887323943,0.8965896891345451,21574,3,9,0.3084924519062042,303acf0c446fe52e96030fabefa99eb69a89ab320b798603263c72882892e85d,aaa5d3fb0e5cc5b237278a286d2148e7d0f481fe
E08W,2026,0.8985915492957747,0.8968168349932797,80582,2,8,0.31332847476005554,303acf0c446fe52e96030fabefa99eb69a89ab320b798603263c72882892e85d,aaa5d3fb0e5cc5b237278a286d2148e7d0f481fe
E08W,2027,0.8428169014084507,0.8373268068871593,80582,1,7,0.43183451890945435,303acf0c446fe52e96030fabefa99eb69a89ab320b798603263c72882892e85d,aaa5d3fb0e5cc5b237278a286d2148e7d0f481fe
E08W,2028,0.8890140845070422,0.8878296675138057,80582,3,9,0.3909051716327667,303acf0c446fe52e96030fabefa99eb69a89ab320b798603263c72882892e85d,aaa5d3fb0e5cc5b237278a286d2148e7d0f481fe
