run_id,label,precision,recall,f1,support
L01_seed2026,0,0.9146757679180887,0.8322981366459627,0.8715447154471545,322
L01_seed2026,1,0.7687296416938111,0.921875,0.8383658969804618,256
L01_seed2026,2,0.9954337899543378,0.9045643153526971,0.9478260869565217,241
L01_seed2026,3,1.0,0.517799352750809,0.6823027718550106,309
L01_seed2026,4,0.6884210526315789,1.0,0.8154613466334164,327
L01_seed2026,5,0.9968847352024922,1.0,0.9984399375975039,320
L01_seed2027,0,0.9330985915492958,0.8229813664596274,0.8745874587458746,322
L01_seed2027,1,0.7039106145251397,0.984375,0.8208469055374593,256
L01_seed2027,2,0.9836956521739131,0.7510373443983402,0.851764705882353,241
L01_seed2027,3,0.9259259259259259,0.889967637540453,0.9075907590759076,309
L01_seed2027,4,0.9096385542168675,0.9235474006116208,0.9165402124430956,327
L01_seed2027,5,1.0,1.0,1.0,320
L01_seed2028,0,0.9527272727272728,0.8136645962732919,0.8777219430485762,322
L01_seed2028,1,0.7832817337461301,0.98828125,0.8739205526770294,256
L01_seed2028,2,0.9955555555555555,0.9294605809128631,0.9613733905579399,241
L01_seed2028,3,1.0,0.6310679611650486,0.7738095238095238,309
L01_seed2028,4,0.7437070938215103,0.9938837920489296,0.8507853403141361,327
L01_seed2028,5,1.0,1.0,1.0,320
L02_seed2026,0,0.948905109489051,0.8074534161490683,0.87248322147651,322
L02_seed2026,1,0.7987421383647799,0.9921875,0.8850174216027874,256
L02_seed2026,2,0.991304347826087,0.946058091286307,0.9681528662420382,241
L02_seed2026,3,0.989247311827957,0.5954692556634305,0.7434343434343434,309
L02_seed2026,4,0.7254464285714286,0.9938837920489296,0.8387096774193549,327
L02_seed2026,5,1.0,0.996875,0.9984350547730829,320
L02_seed2027,0,0.9485294117647058,0.8012422360248447,0.8686868686868687,322
L02_seed2027,1,0.7961783439490446,0.9765625,0.8771929824561403,256
L02_seed2027,2,0.9957264957264957,0.966804979253112,0.9810526315789474,241
L02_seed2027,3,0.9626556016597511,0.7508090614886731,0.8436363636363636,309
L02_seed2027,4,0.806615776081425,0.9694189602446484,0.8805555555555555,327
L02_seed2027,5,0.9968847352024922,1.0,0.9984399375975039,320
L02_seed2028,0,0.9666666666666667,0.8105590062111802,0.8817567567567568,322
L02_seed2028,1,0.7455621301775148,0.984375,0.8484848484848485,256
L02_seed2028,2,0.9906976744186047,0.8838174273858921,0.9342105263157895,241
L02_seed2028,3,0.9948453608247423,0.6245954692556634,0.7673956262425448,309
L02_seed2028,4,0.7442922374429224,0.9969418960244648,0.8522875816993464,327
L02_seed2028,5,1.0,1.0,1.0,320
L03_seed2026,0,0.9477611940298507,0.7888198757763976,0.8610169491525423,322
L03_seed2026,1,0.7398843930635838,1.0,0.8504983388704319,256
L03_seed2026,2,0.9906542056074766,0.8796680497925311,0.9318681318681319,241
L03_seed2026,3,0.9941860465116279,0.5533980582524272,0.7110187110187111,309
L03_seed2026,4,0.7142857142857143,0.9938837920489296,0.8312020460358056,327
L03_seed2026,5,1.0,1.0,1.0,320
L03_seed2027,0,0.9661654135338346,0.7981366459627329,0.8741496598639455,322
L03_seed2027,1,0.7383720930232558,0.9921875,0.8466666666666667,256
L03_seed2027,2,1.0,0.8755186721991701,0.9336283185840708,241
L03_seed2027,3,0.9259259259259259,0.7281553398058253,0.8152173913043478,309
L03_seed2027,4,0.7923076923076923,0.944954128440367,0.8619246861924686,327
L03_seed2027,5,0.9968847352024922,1.0,0.9984399375975039,320
L03_seed2028,0,0.8793103448275862,0.4751552795031056,0.6169354838709677,322
L03_seed2028,1,0.5793103448275863,0.984375,0.7293777134587555,256
L03_seed2028,2,1.0,0.8713692946058091,0.9312638580931264,241
L03_seed2028,3,0.9302325581395349,0.6472491909385113,0.7633587786259542,309
L03_seed2028,4,0.7410926365795725,0.9541284403669725,0.8342245989304813,327
L03_seed2028,5,1.0,1.0,1.0,320
