tensor,index,step,manual,autodiff,numerical,absolute_error
0,"(0, 0)",0.0001,0.0035048938781124146,0.003504893878112412,0.003504893876238313,1.8741015683776396e-12
0,"(0, 1)",0.0001,0.0006467846055259713,0.0006467846055259703,0.0006467846058733073,3.4733598375941144e-13
0,"(0, 2)",0.0001,0.0008530742942471685,0.0008530742942471679,0.0008530742945378478,2.9067926451270543e-13
0,"(0, 3)",0.0001,0.0005792459338444437,0.0005792459338444432,0.0005792459334408306,4.03613015405313e-13
0,"(0, 4)",0.0001,0.003171959852667606,0.0031719598526676034,0.0031719598625468137,9.879207694962755e-12
0,"(0, 5)",0.0001,0.00037306631758045523,0.000373066317580455,0.00037306631783806665,2.576114235125493e-13
0,"(0, 6)",0.0001,-0.003013176626714088,-0.003013176626714091,-0.003013176627097991,3.839029788510473e-13
0,"(0, 7)",0.0001,0.0016733439614066456,0.001673343961406645,0.0016733439600624678,1.3441778072553756e-12
0,"(1, 0)",0.0001,-0.0014942222827117764,-0.0014942222827117736,-0.0014942222814617878,1.2499886108824354e-12
0,"(1, 1)",0.0001,0.0008829128578893175,0.0008829128578893174,0.0008829128572696021,6.19715433483603e-13
0,"(1, 2)",0.0001,-3.369109999711885e-05,-3.3691099997118414e-05,-3.369109879969301e-05,1.1974258390390347e-12
0,"(1, 3)",0.0001,0.0005949272676145261,0.0005949272676145261,0.0005949272685601414,9.456153308301518e-13
0,"(1, 4)",0.0001,-0.0008395021039033188,-0.0008395021039033177,-0.0008395021067197916,2.8164728578874976e-12
0,"(1, 5)",0.0001,0.0007782912547840484,0.0007782912547840489,0.0007782912536669073,1.117141101847352e-12
0,"(1, 6)",0.0001,0.004811754647325235,0.0048117546473252365,0.004811754646949495,3.7573937017310044e-13
0,"(1, 7)",0.0001,0.0020776927851528237,0.0020776927851528233,0.002077692784485663,6.671607710728722e-13
1,"(0, 0)",0.0001,-0.0017512286915225593,-0.001751228691522558,-0.0017512286909493469,5.732124844226583e-13
1,"(0, 1)",0.0001,0.001488897804665157,0.0014888978046651566,0.001488897805046463,3.813058809670755e-13
1,"(0, 2)",0.0001,-0.0012792579834645626,-0.0012792579834645626,-0.0012792579839882023,5.23639725330538e-13
1,"(0, 3)",0.0001,0.0010069707155665238,0.0010069707155665236,0.0010069707157001062,1.3358238126759403e-13
1,"(0, 4)",0.0001,-0.002393087347634921,-0.0023930873476349203,-0.002393087349394918,1.7599966622983132e-12
1,"(0, 5)",0.0001,0.001491566080024256,0.0014915660800242565,0.0014915660795367103,4.875457676467576e-13
1,"(0, 6)",0.0001,-0.0029766879443637534,-0.00297668794436376,-0.0029766879450221495,6.583960807104994e-13
1,"(0, 7)",0.0001,0.002326419172047592,0.0023264191720475916,0.002326419171749805,2.9778696869486865e-13
1,"(1, 0)",0.0001,-0.002631131584773232,-0.002631131584773229,-0.002631131585939528,1.1662957925817619e-12
1,"(1, 1)",0.0001,0.0014876898143448467,0.0014876898143448465,0.0014876898135618433,7.830034363942584e-13
1,"(1, 2)",0.0001,-0.0019944729687842605,-0.001994472968784259,-0.0019944729667820127,2.0022477599523913e-12
1,"(1, 3)",0.0001,0.000988494941058715,0.000988494941058715,0.0009884949403460297,7.12685336093366e-13
1,"(1, 4)",0.0001,-0.003764123840051499,-0.003764123840051495,-0.0037641238426200374,2.568538264025033e-12
1,"(1, 5)",0.0001,0.0014881484472654986,0.001488148447265499,0.001488148445583093,1.682405733824388e-12
1,"(1, 6)",0.0001,-0.0051619266474589994,-0.005161926647459005,-0.005161926646124471,1.3345288416011236e-12
1,"(1, 7)",0.0001,0.002236019775819678,0.0022360197758196786,0.002236019776002962,1.8328394357780553e-13
2,"(0,)",0.0001,-0.007466960058787116,-0.007466960058787104,-0.007466960055824146,2.9629701470135217e-12
2,"(1,)",0.0001,0.006206724527003975,0.006206724527003974,0.006206724521007345,5.99662940831136e-12
2,"(2,)",0.0001,-0.004416553917429891,-0.0044165539174298865,-0.004416553913699772,3.730118644518221e-12
2,"(3,)",0.0001,0.003539477232302469,0.003539477232302468,0.0035394772290864296,3.21603941394466e-12
2,"(4,)",0.0001,-0.009733845263464661,-0.009733845263464647,-0.009733845353077086,8.96124251192898e-11
2,"(5,)",0.0001,0.006738957021852087,0.006738957021852087,0.006738957041285687,1.9433599694751447e-11
2,"(6,)",0.0001,-0.009060838533514453,-0.009060838533514463,-0.009060838527252812,6.261640511651123e-12
2,"(7,)",0.0001,0.007517198921693252,0.0075171989216932505,0.007517198914452905,7.240347210668574e-12
3,"(0, 0)",0.0001,0.05254491027541941,0.052544910275419424,0.05254491028283681,7.417400027520671e-12
3,"(0, 1)",0.0001,-0.08300712587125572,-0.08300712587125575,-0.08300712586506442,6.1912974747002636e-12
3,"(0, 2)",0.0001,0.04595982075708243,0.04595982075708244,0.04595982076249783,5.415397297259261e-12
3,"(0, 3)",0.0001,0.06193861928233687,0.06193861928233688,0.06193861928793787,5.600998831400972e-12
3,"(0, 4)",0.0001,-0.13687613002447618,-0.1368761300244762,-0.13687613001911458,5.3616000528222685e-12
3,"(0, 5)",0.0001,0.05943990558089321,0.059439905580893224,0.059439905588654085,7.760875275764079e-12
3,"(1, 0)",0.0001,0.05461639599652988,0.054616395996529885,0.0546163960035706,7.040722171947067e-12
3,"(1, 1)",0.0001,-0.07953402471992427,-0.07953402471992427,-0.07953402471061466,9.309608639540556e-12
3,"(1, 2)",0.0001,0.04776291644544412,0.04776291644544413,0.0477629164519211,6.476978675618028e-12
3,"(1, 3)",0.0001,0.06436662777123489,0.06436662777123489,0.06436662777997704,8.742145896079023e-12
3,"(1, 4)",0.0001,-0.14897860733124035,-0.14897860733124035,-0.14897860732387969,7.360667630962325e-12
3,"(1, 5)",0.0001,0.0617666918379557,0.0617666918379557,0.061766691845654975,7.69927177568519e-12
4,"(0,)",0.0001,0.14687413258099974,0.14687413258099974,0.14687413272929106,1.482913236650063e-10
4,"(1,)",0.0001,-0.22306969337173368,-0.22306969337173368,-0.22306969322372083,1.480128519748547e-10
4,"(2,)",0.0001,0.1284557555020871,0.12845575550208713,0.12845575564135459,1.3926748643200426e-10
4,"(3,)",0.0001,0.17311321047584793,0.17311321047584793,0.1731132106308486,1.5500067895857228e-10
4,"(4,)",0.0001,-0.3914985791190926,-0.3914985791190926,-0.39149857899323237,1.2586021114202595e-10
4,"(5,)",0.0001,0.16612517393189152,0.16612517393189152,0.16612517408698402,1.5509249440270878e-10
0,"(0, 0)",1e-05,0.0035048938781124146,0.003504893878112412,0.0035048938751280896,2.984325026683665e-12
0,"(0, 1)",1e-05,0.0006467846055259713,0.0006467846055259703,0.0006467846036528613,1.8731100654909016e-12
0,"(0, 2)",1e-05,0.0008530742942471685,0.0008530742942471679,0.0008530742889867325,5.2604359670332945e-12
0,"(0, 3)",1e-05,0.0005792459338444437,0.0005792459338444432,0.0005792459401021688,6.257725132345626e-12
0,"(0, 4)",1e-05,0.003171959852667606,0.0031719598526676034,0.00317195985033436,2.333246009594836e-12
0,"(0, 5)",1e-05,0.00037306631758045523,0.000373066317580455,0.0003730663222789587,4.698503467803067e-12
0,"(0, 6)",1e-05,-0.003013176626714088,-0.003013176626714091,-0.0030131766304286596,3.714571619045648e-12
0,"(0, 7)",1e-05,0.0016733439614066456,0.001673343961406645,0.0016733439522909064,9.115739196471906e-12
0,"(1, 0)",1e-05,-0.0014942222827117764,-0.0014942222827117736,-0.0014942222903435718,7.631795369278382e-12
0,"(1, 1)",1e-05,0.0008829128578893175,0.0008829128578893174,0.0008829128650411632,7.1518456304722755e-12
0,"(1, 2)",1e-05,-3.369109999711885e-05,-3.3691099997118414e-05,-3.369109435880091e-05,5.638317937539661e-12
0,"(1, 3)",1e-05,0.0005949272676145261,0.0005949272676145261,0.0005949272630090263,4.605499792295631e-12
0,"(1, 4)",1e-05,-0.0008395021039033188,-0.0008395021039033177,-0.0008395021011686764,2.7346423736585024e-12
0,"(1, 5)",1e-05,0.0007782912547840484,0.0007782912547840489,0.0007782912758713677,2.108731928223556e-11
0,"(1, 6)",1e-05,0.004811754647325235,0.0048117546473252365,0.0048117546502801645,2.954929703702369e-12
0,"(1, 7)",1e-05,0.0020776927851528237,0.0020776927851528233,0.002077692784485663,6.671607710728722e-13
1,"(0, 0)",1e-05,-0.0017512286915225593,-0.001751228691522558,-0.0017512286953902387,3.867679397237533e-12
1,"(0, 1)",1e-05,0.001488897804665157,0.0014888978046651566,0.001488897816148693,1.1483535910378206e-11
1,"(0, 2)",1e-05,-0.0012792579834645626,-0.0012792579834645626,-0.0012792579884290944,4.964531823831164e-12
1,"(0, 3)",1e-05,0.0010069707155665238,0.0010069707155665236,0.001006970706818322,8.748201815733658e-12
1,"(0, 4)",1e-05,-0.002393087347634921,-0.0023930873476349203,-0.002393087350505141,2.8702196869234697e-12
1,"(0, 5)",1e-05,0.001491566080024256,0.0014915660800242565,0.0014915660706549259,9.369330181488444e-12
1,"(0, 6)",1e-05,-0.0029766879443637534,-0.00297668794436376,-0.002976687940581257,3.782496451470996e-12
1,"(0, 7)",1e-05,0.002326419172047592,0.0023264191720475916,0.0023264191795213662,7.473774203681227e-12
1,"(1, 0)",1e-05,-0.002631131584773232,-0.002631131584773229,-0.0026311315792781897,5.495042355169177e-12
1,"(1, 1)",1e-05,0.0014876898143448467,0.0014876898143448465,0.001487689815782289,1.4374423960156202e-12
1,"(1, 2)",1e-05,-0.0019944729687842605,-0.001994472968784259,-0.0019944729645615666,4.2226938092027044e-12
1,"(1, 3)",1e-05,0.000988494941058715,0.000988494941058715,0.0009884949303540225,1.0704692557719775e-11
1,"(1, 4)",1e-05,-0.003764123840051499,-0.003764123840051495,-0.003764123845950706,5.899206904219634e-12
1,"(1, 5)",1e-05,0.0014881484472654986,0.001488148447265499,0.0014881484378115315,9.453967123040918e-12
1,"(1, 6)",1e-05,-0.0051619266474589994,-0.005161926647459005,-0.0051619266416835785,5.77542094010175e-12
1,"(1, 7)",1e-05,0.002236019775819678,0.0022360197758196786,0.002236019780443854,4.624176042078432e-12
2,"(0,)",1e-05,-0.007466960058787116,-0.007466960058787104,-0.007466960039170799,1.9616316383752608e-11
2,"(1,)",1e-05,0.006206724527003975,0.006206724527003974,0.006206724534330021,7.32604601982878e-12
2,"(2,)",1e-05,-0.004416553917429891,-0.0044165539174298865,-0.0044165539225815564,5.151665552483031e-12
2,"(3,)",1e-05,0.003539477232302469,0.003539477232302468,0.003539477222425091,9.877377995376468e-12
2,"(4,)",1e-05,-0.009733845263464661,-0.009733845263464647,-0.009733845263149021,3.1563987534788396e-13
2,"(5,)",1e-05,0.006738957021852087,0.006738957021852087,0.0067389570146403335,7.211753763614048e-12
2,"(6,)",1e-05,-0.009060838533514453,-0.009060838533514463,-0.009060838546126604,1.2612150906976538e-11
2,"(7,)",1e-05,0.007517198921693252,0.0075171989216932505,0.007517198918893796,2.799455979529686e-12
3,"(0, 0)",1e-05,0.05254491027541941,0.052544910275419424,0.05254491027839591,2.9765009901261408e-12
3,"(0, 1)",1e-05,-0.08300712587125572,-0.08300712587125575,-0.08300712588393822,1.2682493943927398e-11
3,"(0, 2)",1e-05,0.04595982075708243,0.04595982075708244,0.045959820749175144,7.907285937136521e-12
3,"(0, 3)",1e-05,0.06193861928233687,0.06193861928233688,0.061938619277945854,4.391015329119341e-12
3,"(0, 4)",1e-05,-0.13687613002447618,-0.1368761300244762,-0.1368761300302168,5.740630193429297e-12
3,"(0, 5)",1e-05,0.05943990558089321,0.059439905580893224,0.0594399055753314,5.561807958631704e-12
3,"(1, 0)",1e-05,0.05461639599652988,0.054616395996529885,0.05461639599468881,1.8410689639480893e-12
3,"(1, 1)",1e-05,-0.07953402471992427,-0.07953402471992427,-0.07953402472171689,1.792621606711009e-12
3,"(1, 2)",1e-05,0.04776291644544412,0.04776291644544413,0.04776291644414953,1.2945894356519716e-12
3,"(1, 3)",1e-05,0.06436662777123489,0.06436662777123489,0.06436662777220548,9.705847237029275e-13
3,"(1, 4)",1e-05,-0.14897860733124035,-0.14897860733124035,-0.14897860732832058,2.919775532461699e-12
3,"(1, 5)",1e-05,0.0617666918379557,0.0617666918379557,0.06176669185009586,1.2140156935291913e-11
4,"(0,)",1e-05,0.14687413258099974,0.14687413258099974,0.1468741325671985,1.3801237930266552e-11
4,"(1,)",1e-05,-0.22306969337173368,-0.22306969337173368,-0.22306969336138846,1.0345224676910902e-11
4,"(2,)",1e-05,0.1284557555020871,0.12845575550208713,0.12845575551034827,8.26116952623579e-12
4,"(3,)",1e-05,0.17311321047584793,0.17311321047584793,0.17311321046653558,9.312356441526504e-12
4,"(4,)",1e-05,-0.3914985791190926,-0.3914985791190926,-0.39149857911091596,8.176626042910584e-12
4,"(5,)",1e-05,0.16612517393189152,0.16612517393189152,0.16612517395042659,1.8535062373814526e-11
0,"(0, 0)",1e-06,0.0035048938781124146,0.003504893878112412,0.003504893819616939,5.849547582426062e-11
0,"(0, 1)",1e-06,0.0006467846055259713,0.0006467846055259703,0.0006467846258573218,2.033135042701223e-11
0,"(0, 2)",1e-06,0.0008530742942471685,0.0008530742942471679,0.0008530741668621999,1.273849685673803e-10
0,"(0, 3)",1e-06,0.0005792459338444437,0.0005792459338444432,0.0005792459845110898,5.066664611735189e-11
0,"(0, 4)",1e-06,0.003171959852667606,0.0031719598526676034,0.003171959916947742,6.428013590159543e-11
0,"(0, 5)",1e-06,0.00037306631758045523,0.000373066317580455,0.0003730663555856495,3.800519426076787e-11
0,"(0, 6)",1e-06,-0.003013176626714088,-0.003013176626714091,-0.0030131765971219693,2.959211868602818e-11
0,"(0, 7)",1e-06,0.0016733439614066456,0.001673343961406645,0.0016733441299265905,1.6851994496039358e-10
0,"(1, 0)",1e-06,-0.0014942222827117764,-0.0014942222827117736,-0.0014942224124681047,1.2975632829488604e-10
0,"(1, 1)",1e-06,0.0008829128578893175,0.0008829128578893174,0.000882912853938933,3.950384507359073e-12
0,"(1, 2)",1e-06,-3.369109999711885e-05,-3.3691099997118414e-05,-3.3691049949879925e-05,5.004723892254592e-11
0,"(1, 3)",1e-06,0.0005949272676145261,0.0005949272676145261,0.0005949272186001053,4.901442077730189e-11
0,"(1, 4)",1e-06,-0.0008395021039033188,-0.0008395021039033177,-0.0008395020234530648,8.045025398899924e-11
0,"(1, 5)",1e-06,0.0007782912547840484,0.0007782912547840489,0.0007782910982356839,1.5654836454936927e-10
0,"(1, 6)",1e-06,0.004811754647325235,0.0048117546473252365,0.004811754661382395,1.4057159949953935e-11
0,"(1, 7)",1e-06,0.0020776927851528237,0.0020776927851528233,0.002077692795587893,1.0435069475178693e-11
1,"(0, 0)",1e-06,-0.0017512286915225593,-0.001751228691522558,-0.0017512289396393044,2.481167450316124e-10
1,"(0, 1)",1e-06,0.001488897804665157,0.0014888978046651566,0.0014888977828420025,2.1823154611536055e-11
1,"(0, 2)",1e-06,-0.0012792579834645626,-0.0012792579834645626,-0.0012792578107934105,1.7267115211619388e-10
1,"(0, 3)",1e-06,0.0010069707155665238,0.0010069707155665236,0.0010069707290227825,1.3456258676769473e-11
1,"(0, 4)",1e-06,-0.002393087347634921,-0.0023930873476349203,-0.0023930872838917594,6.374316179058592e-11
1,"(0, 5)",1e-06,0.001491566080024256,0.0014915660800242565,0.0014915660928593866,1.2835130527855121e-11
1,"(0, 6)",1e-06,-0.0029766879443637534,-0.00297668794436376,-0.0029766878961723364,4.819141700279639e-11
1,"(0, 7)",1e-06,0.002326419172047592,0.0023264191720475916,0.002326419168419136,3.6284560425703383e-12
1,"(1, 0)",1e-06,-0.002631131584773232,-0.002631131584773229,-0.0026311315348692688,4.990396334017544e-11
1,"(1, 1)",1e-06,0.0014876898143448467,0.0014876898143448465,0.0014876897491689078,6.517593886465334e-11
1,"(1, 2)",1e-06,-0.0019944729687842605,-0.001994472968784259,-0.001994472809130343,1.5965391725672462e-10
1,"(1, 3)",1e-06,0.000988494941058715,0.000988494941058715,0.0009884948415361805,9.95225345277323e-11
1,"(1, 4)",1e-06,-0.003764123840051499,-0.003764123840051495,-0.0037641239014618577,6.141035856915833e-11
1,"(1, 5)",1e-06,0.0014881484472654986,0.001488148447265499,0.0014881483823003805,6.496511813745831e-11
1,"(1, 6)",1e-06,-0.0051619266474589994,-0.005161926647459005,-0.005161926663888039,1.642903955240138e-11
1,"(1, 7)",1e-06,0.002236019775819678,0.0022360197758196786,0.0022360199247728474,1.4895316924334878e-10
2,"(0,)",1e-06,-0.007466960058787116,-0.007466960058787104,-0.007466959939250728,1.1953638773265496e-10
2,"(1,)",1e-06,0.006206724527003975,0.006206724527003974,0.0062067245787389425,5.173496787219678e-11
2,"(2,)",1e-06,-0.004416553917429891,-0.0044165539174298865,-0.0044165537893547935,1.2807509740253575e-10
2,"(3,)",1e-06,0.003539477232302469,0.003539477232302468,0.0035394770447894075,1.8751306150172065e-10
2,"(4,)",1e-06,-0.009733845263464661,-0.009733845263464647,-0.009733845063308877,2.0015578430787606e-10
2,"(5,)",1e-06,0.006738957021852087,0.006738957021852087,0.006738957170071558,1.482194705512696e-10
2,"(6,)",1e-06,-0.009060838533514453,-0.009060838533514463,-0.009060838523922143,9.592309585526593e-12
2,"(7,)",1e-06,0.007517198921693252,0.0075171989216932505,0.007517198974404948,5.271169611908988e-11
3,"(0, 0)",1e-06,0.05254491027541941,0.052544910275419424,0.052544910200680306,7.473910379474091e-11
3,"(0, 1)",1e-06,-0.08300712587125572,-0.08300712587125575,-0.0830071258395293,3.1726427041078864e-11
3,"(0, 2)",1e-06,0.04595982075708243,0.04595982075708244,0.04595982083799299,8.09105629717699e-11
3,"(0, 3)",1e-06,0.06193861928233687,0.06193861928233688,0.06193861934455924,6.222237308728396e-11
3,"(0, 4)",1e-06,-0.13687613002447618,-0.1368761300244762,-0.1368761299858079,3.8668290791576965e-11
3,"(0, 5)",1e-06,0.05943990558089321,0.059439905580893224,0.059439905442104646,1.3878856397475658e-10
3,"(1, 0)",1e-06,0.05461639599652988,0.054616395996529885,0.05461639607240443,7.587454969870677e-11
3,"(1, 1)",1e-06,-0.07953402471992427,-0.07953402471992427,-0.07953402469951243,2.0411838885792122e-11
3,"(1, 2)",1e-06,0.04776291644544412,0.04776291644544413,0.04776291639974062,4.570350348176433e-11
3,"(1, 3)",1e-06,0.06436662777123489,0.06436662777123489,0.06436662791653447,1.4529957792497328e-10
3,"(1, 4)",1e-06,-0.14897860733124035,-0.14897860733124035,-0.1489786072284005,1.0283984774872579e-10
3,"(1, 5)",1e-06,0.0617666918379557,0.0617666918379557,0.06176669187230033,3.434462436668895e-11
4,"(0,)",1e-06,0.14687413258099974,0.14687413258099974,0.14687413263381188,5.281214354724284e-11
4,"(1,)",1e-06,-0.22306969337173368,-0.22306969337173368,-0.22306969327257065,9.916303889134781e-11
4,"(2,)",1e-06,0.1284557555020871,0.12845575550208713,0.12845575536601928,1.3606782367503456e-10
4,"(3,)",1e-06,0.17311321047584793,0.17311321047584793,0.17311321043322891,4.2619019424705584e-11
4,"(4,)",1e-06,-0.3914985791190926,-0.3914985791190926,-0.3914985789998937,1.19198872994275e-10
4,"(5,)",1e-06,0.16612517393189152,0.16612517393189152,0.1661251740614489,1.2955736483633018e-10
