run_id,scope,batch,warmup,repetitions,median_ms,p95_ms,min_ms,max_ms
L01_seed2026,compiled_model_output_numpy,1,50,500,4.70645,7.210965,4.1275,8.7364
L01_seed2026,preprocess_validation_and_transform,1,50,500,0.0635,0.11670499999999999,0.0397,0.3706
L01_seed2027,compiled_model_output_numpy,1,50,500,4.668900000000001,6.667489999999999,4.1567,8.5322
L01_seed2027,preprocess_validation_and_transform,1,50,500,0.0584,0.12003999999999997,0.0361,0.2375
L01_seed2028,compiled_model_output_numpy,1,50,500,4.7307,8.352139999999999,4.1894,9.6763
L01_seed2028,preprocess_validation_and_transform,1,50,500,0.0578,0.12250499999999999,0.0382,0.2775
L02_seed2026,compiled_model_output_numpy,1,50,500,4.3872,7.1590549999999995,3.8328,8.6152
L02_seed2026,preprocess_validation_and_transform,1,50,500,0.0579,0.10033999999999996,0.0313,0.2296
L02_seed2027,compiled_model_output_numpy,1,50,500,6.16175,8.668415,3.9881,10.9955
L02_seed2027,preprocess_validation_and_transform,1,50,500,0.0766,0.12611499999999998,0.0381,0.3156
L02_seed2028,compiled_model_output_numpy,1,50,500,4.358750000000001,7.967139999999999,3.8739,8.9166
L02_seed2028,preprocess_validation_and_transform,1,50,500,0.0569,0.11471499999999998,0.0373,0.3754
L03_seed2026,compiled_model_output_numpy,1,50,500,4.78265,7.25125,4.2701,9.0776
L03_seed2026,preprocess_validation_and_transform,1,50,500,0.05905,0.10618999999999992,0.0429,0.3449
L03_seed2027,compiled_model_output_numpy,1,50,500,4.67185,7.470814999999997,4.1045,11.7947
L03_seed2027,preprocess_validation_and_transform,1,50,500,0.058,0.1062299999999997,0.0366,0.3696
L03_seed2028,compiled_model_output_numpy,1,50,500,4.6263000000000005,7.713314999999999,4.1495,8.852
L03_seed2028,preprocess_validation_and_transform,1,50,500,0.0576,0.09586999999999993,0.037,0.3649
