run_id,experiment,seed,accuracy,macro_f1,parameters,best_epoch,epochs_ran,train_seconds,validation_count
L01_seed2026,L01,2026,0.8614084507042253,0.8589901259116782,21222,4,10,151.19178660000034,1775
L01_seed2027,L01,2027,0.8985915492957747,0.895221673614115,21222,3,9,137.31263699999545,1775
L01_seed2028,L01,2028,0.8895774647887323,0.8896017917345342,21222,6,12,175.42885479999677,1775
L02_seed2026,L02,2026,0.8845070422535212,0.8843720974913527,6630,8,14,116.60801780000475,1775
L02_seed2027,L02,2027,0.9070422535211268,0.9082607232518966,6630,10,16,134.78762920000008,1775
L02_seed2028,L02,2028,0.8816901408450705,0.880689223249881,6630,4,10,84.08747720000247,1775
L03_seed2026,L03,2026,0.8664788732394366,0.8642673628242704,21222,6,12,185.2995673999976,1775
L03_seed2027,L03,2027,0.887887323943662,0.8883377767015005,21222,6,12,176.32466230000136,1775
L03_seed2028,L03,2028,0.8152112676056338,0.8125267388298808,21222,7,13,201.10600339999655,1775
