run_id,subject,support,accuracy,macro_f1
L01_seed2026,1,347,0.9769452449567724,0.9789173414090956
L01_seed2026,6,325,0.9076923076923077,0.9057528648466464
L01_seed2026,14,323,0.653250773993808,0.6133341871208641
L01_seed2026,21,408,0.8284313725490197,0.8358401265345151
L01_seed2026,23,372,0.9301075268817204,0.930425879691161
L01_seed2027,1,347,0.9827089337175793,0.9817775330508777
L01_seed2027,6,325,0.9569230769230769,0.9570273421996821
L01_seed2027,14,323,0.6408668730650154,0.5648462941514856
L01_seed2027,21,408,0.9901960784313726,0.9911259005757627
L01_seed2027,23,372,0.8924731182795699,0.8927265016340646
L01_seed2028,1,347,0.9971181556195965,0.9974091865925406
L01_seed2028,6,325,0.9476923076923077,0.9480755018662311
L01_seed2028,14,323,0.6873065015479877,0.6484385821063189
L01_seed2028,21,408,0.8357843137254902,0.8460075292252823
L01_seed2028,23,372,0.9731182795698925,0.9722446362869542
L02_seed2026,1,347,0.9942363112391931,0.9930868973422164
L02_seed2026,6,325,0.9323076923076923,0.9318804445206915
L02_seed2026,14,323,0.6873065015479877,0.6441762478347844
L02_seed2026,21,408,0.821078431372549,0.8264564583230598
L02_seed2026,23,372,0.9811827956989247,0.9809537010043349
L02_seed2027,1,347,0.9942363112391931,0.9941182536742365
L02_seed2027,6,325,0.9415384615384615,0.9418528627864816
L02_seed2027,14,323,0.7554179566563467,0.7142161397034563
L02_seed2027,21,408,0.8848039215686274,0.8984830043345006
L02_seed2027,23,372,0.9516129032258065,0.951580508995713
L02_seed2028,1,347,0.9942363112391931,0.9932488923616879
L02_seed2028,6,325,0.9507692307692308,0.9509359874901545
L02_seed2028,14,323,0.6625386996904025,0.6207319263657293
L02_seed2028,21,408,0.8308823529411765,0.8390445248496837
L02_seed2028,23,372,0.9623655913978495,0.9586130705470987
L03_seed2026,1,347,0.9855907780979827,0.9866732695063588
L03_seed2026,6,325,0.9353846153846154,0.9345429492896996
L03_seed2026,14,323,0.6222910216718266,0.5670738132975432
L03_seed2026,21,408,0.8284313725490197,0.8359023950005197
L03_seed2026,23,372,0.9489247311827957,0.9480050006691328
L03_seed2027,1,347,1.0,1.0
L03_seed2027,6,325,0.9446153846153846,0.9449264346965421
L03_seed2027,14,323,0.6377708978328174,0.5877119520264681
L03_seed2027,21,408,0.9068627450980392,0.9190346191705242
L03_seed2027,23,372,0.9301075268817204,0.932569651496951
L03_seed2028,1,347,0.899135446685879,0.9202718014267831
L03_seed2028,6,325,0.8861538461538462,0.8859687830189666
L03_seed2028,14,323,0.6625386996904025,0.6238435950827703
L03_seed2028,21,408,0.7549019607843137,0.7252653525237477
L03_seed2028,23,372,0.8736559139784946,0.865609149073844
