epoch,accuracy,loss,val_accuracy,val_loss,val_macro_f1
0,0.7566792368888855,0.6282309889793396,0.8405633568763733,0.39262130856513977,0.8355432340296017
1,0.9205666184425354,0.21545551717281342,0.8473239541053772,0.4641891419887543,0.8426776164197219
2,0.9454904198646545,0.14490815997123718,0.8890140652656555,0.3909051716327667,0.8878296675138057
3,0.9557109475135803,0.1250275820493698,0.8625352382659912,0.5254745483398438,0.8569560018279345
4,0.9619867205619812,0.09752071648836136,0.8861972093582153,0.5462677478790283,0.8843543437029062
5,0.9675452709197998,0.08314713835716248,0.8884506821632385,0.5142399072647095,0.886080490496114
6,0.9707728028297424,0.0744292363524437,0.8963380455970764,0.6257464289665222,0.8934780390778801
7,0.9743589758872986,0.07093349099159241,0.8895774483680725,0.5597706437110901,0.8879557806786093
8,0.9732831120491028,0.07181081175804138,0.9183098673820496,0.4167822301387787,0.9169440670271617
