h,parameter,index,analytical,finite_difference,autodiff,relative_error,autodiff_absolute_error
0.001,W1,"(0, 0)",0.004656455935167789,0.004656459305363292,0.0046564559351677855,3.61884051968256e-07,3.469446951953614e-18
0.001,W1,"(0, 1)",-0.004983385138876794,-0.00498338657567432,-0.004983385138876791,1.4415876751180554e-07,2.6020852139652106e-18
0.001,W1,"(0, 2)",0.002936088332167356,0.0029360884536422382,0.0029360883321673556,2.0686516545280265e-08,4.336808689942018e-19
0.001,W1,"(1, 0)",-0.05741357692958312,-0.05741357317018414,-0.05741357692958313,3.273963497616064e-08,6.938893903907228e-18
0.001,W1,"(1, 1)",0.03911290387950753,0.039112898618243186,0.03911290387950753,6.725740322079076e-08,0.0
0.001,W1,"(1, 2)",-0.016280508029340612,-0.016280505931443034,-0.016280508029340612,6.442973736648043e-08,0.0
0.001,b1,"(0,)",-0.0037880718538754778,-0.003788067272580964,-0.003788071853875471,6.047004202827769e-07,6.938893903907228e-18
0.001,b1,"(1,)",0.0005866613066359411,0.0005866614568028616,0.000586661306635948,1.2798432387428281e-07,6.938893903907228e-18
0.001,b1,"(2,)",0.0004397511853064442,0.00043975046959410236,0.0004397511853064442,8.137703184921284e-07,0.0
0.001,W2,"(0, 0)",0.09730935198031924,0.0973093520373336,0.09730935198031924,2.9295412206663027e-10,0.0
0.001,W2,"(0, 1)",-0.09730935198031926,-0.0973093520373336,-0.09730935198031926,2.929540507590554e-10,0.0
0.001,W2,"(1, 0)",0.041588741934435,0.04158874193638251,0.04158874193443501,2.3413927733840756e-11,6.938893903907228e-18
0.001,W2,"(1, 1)",-0.04158874193443501,-0.04158874193638251,-0.041588741934435014,2.3413844311097228e-11,6.938893903907228e-18
0.001,W2,"(2, 0)",-0.0012033850822220692,-0.0012033850485537734,-0.0012033850822220707,1.398899519665915e-08,1.5178830414797062e-18
0.001,W2,"(2, 1)",0.0012033850822220657,0.0012033850485537734,0.0012033850822220603,1.3988993755122686e-08,5.421010862427522e-18
0.001,b2,"(0,)",0.0073231942343007506,0.007323193624453328,0.007323194234300806,4.163807680381842e-08,5.551115123125783e-17
0.001,b2,"(1,)",-0.007323194234300792,-0.007323193624453328,-0.007323194234300792,4.163807964638698e-08,0.0
0.0001,W1,"(0, 0)",0.004656455935167789,0.004656455968587991,0.0046564559351677855,3.5885878353393735e-09,3.469446951953614e-18
0.0001,W1,"(0, 1)",-0.004983385138876794,-0.004983385152868003,-0.004983385138876791,1.4037856620848164e-09,2.6020852139652106e-18
0.0001,W1,"(0, 2)",0.002936088332167356,0.0029360883330165066,0.0029360883321673556,1.4460576705265242e-10,4.336808689942018e-19
0.0001,W1,"(1, 0)",-0.05741357692958312,-0.05741357689215132,-0.05741357692958313,3.2598387636337396e-10,6.938893903907228e-18
0.0001,W1,"(1, 1)",0.03911290387950753,0.039112903826854506,0.03911290387950753,6.73090152419816e-10,0.0
0.0001,W1,"(1, 2)",-0.016280508029340612,-0.016280508008392758,-0.016280508029340612,6.433415510684833e-10,0.0
0.0001,b1,"(0,)",-0.0037880718538754778,-0.0037880718078975306,-0.003788071853875471,6.06877973763828e-09,6.938893903907228e-18
0.0001,b1,"(1,)",0.0005866613066359411,0.0005866613078664429,0.000586661306635948,1.0487327154069647e-09,6.938893903907228e-18
0.0001,b1,"(2,)",0.0004397511853064442,0.00043975117769434746,0.0004397511853064442,8.655004280915248e-09,0.0
0.0001,W2,"(0, 0)",0.09730935198031924,0.09730935198071222,0.09730935198031924,2.0192165981773665e-12,0.0
0.0001,W2,"(0, 1)",-0.09730935198031926,-0.09730935198071222,-0.09730935198031926,2.019145290602476e-12,0.0
0.0001,W2,"(1, 0)",0.041588741934435,0.04158874193471718,0.04158874193443501,3.39246928820531e-12,6.938893903907228e-18
0.0001,W2,"(1, 1)",-0.04158874193443501,-0.04158874193471718,-0.041588741934435014,3.3923858654617843e-12,6.938893903907228e-18
0.0001,W2,"(2, 0)",-0.0012033850822220692,-0.0012033850815829084,-0.0012033850822220707,2.655678659723309e-10,1.5178830414797062e-18
0.0001,W2,"(2, 1)",0.0012033850822220657,0.0012033850815829084,0.0012033850822220603,2.655664244358671e-10,5.421010862427522e-18
0.0001,b2,"(0,)",0.0073231942343007506,0.0073231942288032315,0.007323194234300806,3.753498086208021e-10,5.551115123125783e-17
0.0001,b2,"(1,)",-0.007323194234300792,-0.0073231942288032315,-0.007323194234300792,3.753526511893652e-10,0.0
1e-05,W1,"(0, 0)",0.004656455935167789,0.0046564559319506316,0.0046564559351677855,3.454512926922364e-10,3.469446951953614e-18
1e-05,W1,"(0, 1)",-0.004983385138876794,-0.004983385132328877,-0.004983385138876791,6.569747816540224e-10,2.6020852139652106e-18
1e-05,W1,"(0, 2)",0.002936088332167356,0.0029360883280205026,0.0029360883321673556,7.061867640446313e-10,4.336808689942018e-19
1e-05,W1,"(1, 0)",-0.05741357692958312,-0.057413576920462,-0.05741357692958313,7.943348084239952e-11,6.938893903907228e-18
1e-05,W1,"(1, 1)",0.03911290387950753,0.03911290387681454,0.03911290387950753,3.4425783527799405e-11,0.0
1e-05,W1,"(1, 2)",-0.016280508029340612,-0.01628050803059722,-0.016280508029340612,3.859234392774605e-11,0.0
1e-05,b1,"(0,)",-0.0037880718538754778,-0.0037880718561922318,-0.003788071853875471,3.0579594080693845e-10,6.938893903907228e-18
1e-05,b1,"(1,)",0.0005866613066359411,0.0005866613139726695,0.000586661306635948,6.2529506532382655e-09,6.938893903907228e-18
1e-05,b1,"(2,)",0.0004397511853064442,0.0004397511854659086,0.0004397511853064442,1.8131207671336061e-10,0.0
1e-05,W2,"(0, 0)",0.09730935198031924,0.09730935197627132,0.09730935198031924,2.0799278674866917e-11,0.0
1e-05,W2,"(0, 1)",-0.09730935198031926,-0.09730935198182243,-0.09730935198031926,7.72367997423222e-12,0.0
1e-05,W2,"(1, 0)",0.041588741934435,0.04158874193915807,0.04158874193443501,5.6783025141451566e-11,6.938893903907228e-18
1e-05,W2,"(1, 1)",-0.04158874193443501,-0.04158874193915807,-0.041588741934435014,5.678294171870804e-11,6.938893903907228e-18
1e-05,W2,"(2, 0)",-0.0012033850822220692,-0.0012033850915749156,-0.0012033850822220707,3.886057134646781e-09,1.5178830414797062e-18
1e-05,W2,"(2, 1)",0.0012033850822220657,0.0012033850860238005,0.0012033850822220603,1.5796002467617602e-09,5.421010862427522e-18
1e-05,b2,"(0,)",0.0073231942343007506,0.007323194239905461,0.007323194234300806,3.8266841564036705e-10,5.551115123125783e-17
1e-05,b2,"(1,)",-0.007323194234300792,-0.007323194239905461,-0.007323194234300792,3.8266557307180396e-10,0.0
